{
    "head": {
        "optimistic": {
            "inverse_harmonic_mean_rank": 0.043576693970598906,
            "arithmetic_mean_rank": 826.3172189733593,
            "hits_at_10": 0.100454840805718,
            "geometric_mean_rank": 149.3343280090216,
            "z_arithmetic_mean_rank": 143.42016356354213,
            "adjusted_arithmetic_mean_rank_index": 0.9440828653079865,
            "z_geometric_mean_rank": 86.61406447303476,
            "adjusted_inverse_harmonic_mean_rank": 0.04322431501232004,
            "harmonic_mean_rank": 22.94804651024462,
            "adjusted_arithmetic_mean_rank": 0.055981094138269266,
            "median_absolute_deviation": 182.36007287618904,
            "inverse_median_rank": 0.007462686567164179,
            "count": 7695.0,
            "adjusted_geometric_mean_rank_index": 0.9863419426752361,
            "median_rank": 134.0,
            "z_inverse_harmonic_mean_rank": 508.32441354784004,
            "standard_deviation": 1981.9996982153148,
            "variance": 3928322.8037255984,
            "inverse_arithmetic_mean_rank": 0.0012101889892146133,
            "inverse_geometric_mean_rank": 0.006696383968323666,
            "hits_at_1": 0.012735542560103964,
            "hits_at_3": 0.03313840155945419,
            "hits_at_5": 0.05380116959064327,
            "z_hits_at_k": 477.1890945832467,
            "adjusted_hits_at_k": 0.10014994458777284
        },
        "realistic": {
            "inverse_harmonic_mean_rank": 0.04357665777206421,
            "arithmetic_mean_rank": 826.3172607421875,
            "hits_at_10": 0.100454840805718,
            "geometric_mean_rank": 149.3345184326172,
            "z_arithmetic_mean_rank": 143.42016313363328,
            "adjusted_arithmetic_mean_rank_index": 0.9440828624780526,
            "z_geometric_mean_rank": 86.61406293336017,
            "adjusted_inverse_harmonic_mean_rank": 0.043224278800448566,
            "harmonic_mean_rank": 22.94806480407715,
            "adjusted_arithmetic_mean_rank": 0.05598109696801146,
            "median_absolute_deviation": 182.36007690429688,
            "inverse_median_rank": 0.007462686393409967,
            "count": 7695.0,
            "adjusted_geometric_mean_rank_index": 0.9863419251417601,
            "median_rank": 134.0,
            "z_inverse_harmonic_mean_rank": 508.323987690812,
            "standard_deviation": 1981.9996337890625,
            "variance": 3928322.5,
            "inverse_arithmetic_mean_rank": 0.0012101889587938786,
            "inverse_geometric_mean_rank": 0.006696375552564859,
            "hits_at_1": 0.012735542560103964,
            "hits_at_3": 0.03313840155945419,
            "hits_at_5": 0.05380116959064327,
            "z_hits_at_k": 477.1890945832467,
            "adjusted_hits_at_k": 0.10014994458777284
        },
        "pessimistic": {
            "inverse_harmonic_mean_rank": 0.04357662833700501,
            "arithmetic_mean_rank": 826.3173489278753,
            "hits_at_10": 0.100454840805718,
            "geometric_mean_rank": 149.3347641329627,
            "z_arithmetic_mean_rank": 143.42016222597533,
            "adjusted_arithmetic_mean_rank_index": 0.94408285650327,
            "z_geometric_mean_rank": 86.61406094674409,
            "adjusted_inverse_harmonic_mean_rank": 0.04322424935454449,
            "harmonic_mean_rank": 22.94808107378987,
            "adjusted_arithmetic_mean_rank": 0.05598110294238931,
            "median_absolute_deviation": 182.36007287618904,
            "inverse_median_rank": 0.007462686567164179,
            "count": 7695.0,
            "adjusted_geometric_mean_rank_index": 0.9863419025186124,
            "median_rank": 134.0,
            "z_inverse_harmonic_mean_rank": 508.3236414025732,
            "standard_deviation": 1981.999646953608,
            "variance": 3928322.600524226,
            "inverse_arithmetic_mean_rank": 0.0012101887988887965,
            "inverse_geometric_mean_rank": 0.00669636441190367,
            "hits_at_1": 0.012735542560103964,
            "hits_at_3": 0.03313840155945419,
            "hits_at_5": 0.05380116959064327,
            "z_hits_at_k": 477.1890945832467,
            "adjusted_hits_at_k": 0.10014994458777284
        }
    },
    "tail": {
        "optimistic": {
            "inverse_harmonic_mean_rank": 0.22978008641924963,
            "arithmetic_mean_rank": 4628.418193632228,
            "hits_at_10": 0.34035087719298246,
            "geometric_mean_rank": 161.81828968891892,
            "z_arithmetic_mean_rank": 104.68573921109416,
            "adjusted_arithmetic_mean_rank_index": 0.6890284960176714,
            "z_geometric_mean_rank": 86.52328148540552,
            "adjusted_inverse_harmonic_mean_rank": 0.22949846305730923,
            "harmonic_mean_rank": 4.351987222145225,
            "adjusted_arithmetic_mean_rank": 0.3110178049260632,
            "median_absolute_deviation": 189.77308396871706,
            "inverse_median_rank": 0.007751937984496124,
            "count": 7695.0,
            "adjusted_geometric_mean_rank_index": 0.985314453397793,
            "median_rank": 129.0,
            "z_inverse_harmonic_mean_rank": 2710.269046919686,
            "standard_deviation": 6109.601169423057,
            "variance": 37327226.44941559,
            "inverse_arithmetic_mean_rank": 0.00021605653555156244,
            "inverse_geometric_mean_rank": 0.006179771161358891,
            "hits_at_1": 0.1677712800519818,
            "hits_at_3": 0.2622482131254061,
            "hits_at_5": 0.2936972059779077,
            "z_hits_at_k": 1627.4459455758617,
            "adjusted_hits_at_k": 0.34012916161653706
        },
        "realistic": {
            "inverse_harmonic_mean_rank": 0.22978007793426514,
            "arithmetic_mean_rank": 4628.41845703125,
            "hits_at_10": 0.34035087719298246,
            "geometric_mean_rank": 161.818359375,
            "z_arithmetic_mean_rank": 104.68573652175024,
            "adjusted_arithmetic_mean_rank_index": 0.6890284783167447,
            "z_geometric_mean_rank": 86.52328092660237,
            "adjusted_inverse_harmonic_mean_rank": 0.2294984545692223,
            "harmonic_mean_rank": 4.351987361907959,
            "adjusted_arithmetic_mean_rank": 0.31101782262580036,
            "median_absolute_deviation": 189.77308654785156,
            "inverse_median_rank": 0.007751937955617905,
            "count": 7695.0,
            "adjusted_geometric_mean_rank_index": 0.9853144470342245,
            "median_rank": 129.0,
            "z_inverse_harmonic_mean_rank": 2710.2689466793663,
            "standard_deviation": 6109.6015625,
            "variance": 37327232.0,
            "inverse_arithmetic_mean_rank": 0.0002160565200028941,
            "inverse_geometric_mean_rank": 0.006179768592119217,
            "hits_at_1": 0.1677712800519818,
            "hits_at_3": 0.2622482131254061,
            "hits_at_5": 0.2936972059779077,
            "z_hits_at_k": 1627.4459455758617,
            "adjusted_hits_at_k": 0.34012916161653706
        },
        "pessimistic": {
            "inverse_harmonic_mean_rank": 0.22978008641690686,
            "arithmetic_mean_rank": 4628.418583495776,
            "hits_at_10": 0.34035087719298246,
            "geometric_mean_rank": 161.8182945662641,
            "z_arithmetic_mean_rank": 104.68573523052828,
            "adjusted_arithmetic_mean_rank_index": 0.6890284698180826,
            "z_geometric_mean_rank": 86.52328144629475,
            "adjusted_inverse_harmonic_mean_rank": 0.2294984630549656,
            "harmonic_mean_rank": 4.351987222189597,
            "adjusted_arithmetic_mean_rank": 0.3110178311238914,
            "median_absolute_deviation": 189.77308396871706,
            "inverse_median_rank": 0.007751937984496124,
            "count": 7695.0,