{
    "head": {
        "optimistic": {
            "inverse_harmonic_mean_rank": 0.07222477744040746,
            "arithmetic_mean_rank": 6424.820792722547,
            "hits_at_10": 0.11773879142300195,
            "inverse_median_rank": 0.0016339869281045752,
            "adjusted_inverse_harmonic_mean_rank": 0.07188272023740183,
            "harmonic_mean_rank": 13.8456639873359,
            "standard_deviation": 9588.865103735236,
            "inverse_arithmetic_mean_rank": 0.00015564636466323064,
            "adjusted_arithmetic_mean_rank": 0.4355762141676939,
            "median_rank": 612.0,
            "adjusted_geometric_mean_rank_index": 0.9552025261570392,
            "z_arithmetic_mean_rank": 85.74838560290603,
            "median_absolute_deviation": 904.3873532884172,
            "count": 7695.0,
            "geometric_mean_rank": 487.1705203921664,
            "z_geometric_mean_rank": 83.87965358604545,
            "variance": 91946333.97763136,
            "inverse_geometric_mean_rank": 0.0020526693593754647,
            "adjusted_arithmetic_mean_rank_index": 0.5644620540194609,
            "z_inverse_harmonic_mean_rank": 845.0338217576801,
            "hits_at_1": 0.04249512670565302,
            "hits_at_3": 0.07355425601039636,
            "hits_at_5": 0.08992852501624432,
            "z_hits_at_k": 559.3588895014382,
            "adjusted_hits_at_k": 0.11743952819401338
        },
        "realistic": {
            "inverse_harmonic_mean_rank": 0.07222477346658707,
            "arithmetic_mean_rank": 6424.82080078125,
            "hits_at_10": 0.11773879142300195,
            "inverse_median_rank": 0.0016339869471266866,
            "adjusted_inverse_harmonic_mean_rank": 0.07188271626211636,
            "harmonic_mean_rank": 13.845664978027344,
            "standard_deviation": 9588.865234375,
            "inverse_arithmetic_mean_rank": 0.00015564636851195246,
            "adjusted_arithmetic_mean_rank": 0.4355762147140405,
            "median_rank": 612.0,
            "adjusted_geometric_mean_rank_index": 0.9552025194425805,
            "z_arithmetic_mean_rank": 85.74838551990395,
            "median_absolute_deviation": 904.3873901367188,
            "count": 7695.0,
            "geometric_mean_rank": 487.17059326171875,
            "z_geometric_mean_rank": 83.8796529964255,
            "variance": 91946344.0,
            "inverse_geometric_mean_rank": 0.002052668947726488,
            "adjusted_arithmetic_mean_rank_index": 0.5644620534730771,
            "z_inverse_harmonic_mean_rank": 845.0337750252988,
            "hits_at_1": 0.04249512670565302,
            "hits_at_3": 0.07355425601039636,
            "hits_at_5": 0.08992852501624432,
            "z_hits_at_k": 559.3588895014382,
            "adjusted_hits_at_k": 0.11743952819401338
        },
        "pessimistic": {
            "inverse_harmonic_mean_rank": 0.07222477740788869,
            "arithmetic_mean_rank": 6424.821442495127,
            "hits_at_10": 0.11773879142300195,
            "inverse_median_rank": 0.0016339869281045752,
            "adjusted_inverse_harmonic_mean_rank": 0.07188272020487108,
            "harmonic_mean_rank": 13.84566399356983,
            "standard_deviation": 9588.865516743974,
            "inverse_arithmetic_mean_rank": 0.0001556463489219776,
            "adjusted_arithmetic_mean_rank": 0.435576258219581,
            "median_rank": 612.0,
            "adjusted_geometric_mean_rank_index": 0.9552025214847061,
            "z_arithmetic_mean_rank": 85.7483789104556,
            "median_absolute_deviation": 904.3873532884172,
            "count": 7695.0,
            "geometric_mean_rank": 487.1705710992803,
            "z_geometric_mean_rank": 83.87965317575164,
            "variance": 91946341.89820169,
            "inverse_geometric_mean_rank": 0.002052669145723522,
            "adjusted_arithmetic_mean_rank_index": 0.564462009964587,
            "z_inverse_harmonic_mean_rank": 845.0338213752572,
            "hits_at_1": 0.04249512670565302,
            "hits_at_3": 0.07355425601039636,
            "hits_at_5": 0.08992852501624432,
            "z_hits_at_k": 559.3588895014382,
            "adjusted_hits_at_k": 0.11743952819401338
        }
    },
    "tail": {
        "optimistic": {
            "inverse_harmonic_mean_rank": 0.24776979106017258,
            "arithmetic_mean_rank": 8233.463547758285,
            "hits_at_10": 0.31812865497076026,
            "inverse_median_rank": 0.001976284584980237,
            "adjusted_inverse_harmonic_mean_rank": 0.24749474202255894,
            "harmonic_mean_rank": 4.036004533567787,
            "standard_deviation": 10590.557593160587,
            "inverse_arithmetic_mean_rank": 0.00012145556899590194,
            "adjusted_arithmetic_mean_rank": 0.5532751881137982,
            "median_rank": 506.0,
            "adjusted_geometric_mean_rank_index": 0.9757836317794953,
            "z_arithmetic_mean_rank": 67.87652476874332,
            "median_absolute_deviation": 748.714120345329,
            "count": 7695.0,
            "geometric_mean_rank": 266.18464062730334,
            "z_geometric_mean_rank": 85.68635235294036,
            "variance": 112159910.13405135,
            "inverse_geometric_mean_rank": 0.0037567907661514677,
            "adjusted_arithmetic_mean_rank_index": 0.44675483307508257,
            "z_inverse_harmonic_mean_rank": 2922.7765841878727,
            "hits_at_1": 0.20844704353476284,
            "hits_at_3": 0.26679662118258607,
            "hits_at_5": 0.289538661468486,
            "z_hits_at_k": 1521.071109903281,
            "adjusted_hits_at_k": 0.31789946710071454
        },
        "realistic": {
            "inverse_harmonic_mean_rank": 0.2477697879076004,
            "arithmetic_mean_rank": 8233.462890625,
            "hits_at_10": 0.31812865497076026,
            "inverse_median_rank": 0.0019762846641242504,
            "adjusted_inverse_harmonic_mean_rank": 0.24749473886883405,
            "harmonic_mean_rank": 4.036004543304443,
            "standard_deviation": 10590.5576171875,
            "inverse_arithmetic_mean_rank": 0.00012145558139309287,
            "adjusted_arithmetic_mean_rank": 0.5532751439555238,
            "median_rank": 506.0,
            "adjusted_geometric_mean_rank_index": 0.9757836270532394,
            "z_arithmetic_mean_rank": 67.87653147826589,
            "median_absolute_deviation": 748.714111328125,
            "count": 7695.0,
            "geometric_mean_rank": 266.1846923828125,
            "z_geometric_mean_rank": 85.68635193791431,
            "variance": 112159912.0,
            "inverse_geometric_mean_rank": 0.003756789956241846,
            "adjusted_arithmetic_mean_rank_index": 0.44675487723632445,
            "z_inverse_harmonic_mean_rank": 2922.7765469441188,
            "hits_at_1": 0.20844704353476284,
            "hits_at_3": 0.26679662118258607,
            "hits_at_5": 0.289538661468486,
            "z_hits_at_k": 1521.071109903281,
            "adjusted_hits_at_k": 0.31789946710071454
        },
        "pessimistic": {
            "inverse_harmonic_mean_rank": 0.2477697910274432,
            "arithmetic_mean_rank": 8233.463807667316,
            "hits_at_10": 0.31812865497076026,
            "inverse_median_rank": 0.001976284584980237,
            "adjusted_inverse_harmonic_mean_rank": 0.2474947419898176,
            "harmonic_mean_rank": 4.036004534100927,
            "standard_deviation": 10590.55747650307,
            "inverse_arithmetic_mean_rank": 0.00012145556516186563,
            "adjusted_arithmetic_mean_rank": 0.5532752055792569,
            "median_rank": 506.0,
            "adjusted_geometric_mean_rank_index": 0.9757836296766513,
            "z_arithmetic_mean_rank": 67.87652211499629,
            "median_absolute_deviation": 748.714120345329,